<?xml version="1.0" encoding="utf-8"?>
<resources>
  <string name="app_name">Life\'s Not Fairways</string>
  <string name="subtitle">Golf Society</string>
  <string name="members">Member Details</string>
  <string name="events">Golf Events</string>
  <string name="results">Results</string>
  <string name="nameheader">Member Name</string>
  <string name="id">MemberID</string>
  <string name="name">Name</string>
  <string name="phoneheader">Phone</string>
  <string name="emailheader">Email</string>
  <string name="searchhint">Search members</string>
  <string name="namehint">Surname, Firstname</string>
  <string name="numberhint">Phone</string>
  <string name="emailhint">something@example.com</string>
  <string name="handicaphint">Handicap</string>
  <string name="PopupMenuShowCourseMap">Get Directions</string>
  <string name="PopupMenuShowWebsite">Go to Course Website</string>
  <string name="score">Score</string>
  <string name="golfcourse">GolfCourse</string>
  <string name="eventID">EventID</string>
  <string name="savechanges">Save Changes</string>
  <string name="cancel">Cancel</string>
 
</resources>