﻿<?xml version="1.0" encoding="utf-8" ?>
<resources>
  <style name="GolfTheme" parent="@android:style/Theme.Material.Light.DarkActionBar">
    <item name="android:windowNoTitle">true</item>
    <item name="android:windowActionBar">false</item>
    <item name="android:titleTextColor">#ffffff</item>
    <item name="android:colorPrimary">#8080ff</item>
  
  </style>

  <style name="dialog_animation">
    <item name="android:windowEnterAnimation">@anim/slideup</item>
    <item name="android:windowExitAnimation">@anim/slidedown</item>
  </style>
  
</resources>

