﻿<selector xmlns:android="http://schemas.android.com/apk/res/android">
  <item android:state_pressed="false">
    <layer-list>
      <item android:right="5dp" android:top="5dp">
        <shape>
          <corners android:radius="2dp"/>
          <solid android:color="#66ff99"/>
        </shape>
      </item>
      <item android:left="2dp" android:bottom="2dp">
        <shape>
          <corners android:radius="4dp"/>
          <gradient android:angle="270" android:endColor="#3366ff" android:startColor="#00e600"/>
          <stroke android:width="1dp" android:color="#FFFFFF"/>
          <padding android:bottom="10dp" android:left="10dp" android:right="10dp" android:top="10dp"/>
        </shape>
      </item>

    </layer-list>

  </item>

  <item android:state_pressed="true">
    <layer-list>
      <item android:right="5dp" android:top="5dp">
        <shape>
          <corners android:radius="2dp"/>
          <solid android:color="#66ff99"/>
        </shape>
      </item>
      <item android:left="2dp" android:bottom="2dp">
        <shape>
          <corners android:radius="4dp"/>
          <gradient android:angle="270" android:endColor="#00e600" android:startColor="#3366ff"/>
          <stroke android:width="1dp" android:color="#FFFFFF"/>
          <padding android:bottom="10dp" android:left="10dp" android:right="10dp" android:top="10dp"/>
        </shape>
      </item>

    </layer-list>

  </item>
</selector>
