﻿<?xml version="1.0" encoding="utf-8"?>
<selector xmlns:android="http://schemas.android.com/apk/res/android">
  <item android:state_focused="true">
    <shape android:shape="rectangle">
      <gradient
        android:startColor="#FFF"
        android:endColor="#FFF">
      </gradient>
      <stroke
        android:width="3dp"
        android:color="#008A2E"> <!--green-->
      </stroke>
      <corners
        android:radius="2dp">
      </corners>
      <padding
        android:left="10dp">
      </padding>
    </shape>
  </item>
  <item>
    <shape>
      <gradient
        android:startColor="#FFF"
        android:endColor="#FFF">
      </gradient>
      <stroke
       android:width="3dp"
       android:color="#D2D2D2"> <!--grey-->
      </stroke>
      <corners
        android:radius="2dp">
      </corners>
      <padding
        android:left="10dp"
        android:top="6dp"
        android:right="10dp"
          android:bottom="6dp">
      </padding>
    </shape>
  </item>
</selector>

